{
	"curve":
	[
		{
			"x": 0,
			"y": 0.000025
		},
		{
			"x": 0.5,
			"y": 0.000250
		},
		{
			"x": 1.5,
			"y": 0.002500
		},
		{
			"x": 3,
			"y": 0.025000
		}
	]
}